0,Maths,Physics,English,Economics,Biology
1,69,76,23,82,62
2,78,12,30,30,61
3,24,29,57,88,60
4,72,35,81,54,18
5,79,99,53,29,45
6,72,38,16,19,25
7,59,97,50,54,61
8,27,63,89,63,12
9,60,69,10,64,30
10,75,81,49,33,42
11,69,28,89,55,67
12,99,79,97,51,85
13,26,12,21,28,43
14,68,66,34,62,68
15,40,14,92,94,55
16,46,23,42,69,50
17,94,76,84,26,47
18,57,14,79,88,45
19,60,52,50,48,11
20,82,81,48,29,18
21,35,82,28,36,90
22,99,91,86,97,36
23,79,56,18,70,91
24,72,56,43,57,58
25,26,48,20,20,44
26,93,83,67,29,15
27,15,65,31,54,53
28,75,55,27,25,76
29,50,73,36,22,90
30,79,47,93,79,84
1,67,68,52,88,29
2,50,54,88,85,95
3,17,26,48,22,25
4,34,34,73,81,76
5,33,98,40,30,79
6,40,54,65,86,99
7,37,18,29,50,25
8,83,40,69,76,16
9,25,15,61,39,34
10,36,78,33,47,51
11,55,11,27,59,76
12,20,64,92,91,20
13,56,38,44,62,76
14,30,23,41,10,89
15,57,19,71,91,40
16,64,99,39,46,65
17,54,52,70,10,62
18,90,74,80,46,75
19,97,33,71,14,50
20,39,62,86,81,98
21,18,59,95,30,19
22,55,90,90,77,41
23,91,62,43,72,83
24,42,85,31,78,31
25,55,72,78,89,72
26,66,63,54,34,56
27,63,58,92,69,84
28,96,71,29,30,65
29,79,90,36,80,23
30,44,59,99,70,66
1,46,30,32,48,67
2,84,77,65,56,53
3,26,89,43,77,18
4,11,94,31,86,24
5,42,43,83,36,43
6,76,66,23,62,66
7,37,49,81,32,78
8,30,47,44,36,89
9,28,94,31,71,94
10,76,19,60,81,80
11,48,59,16,66,78
12,60,23,77,70,86
13,88,49,82,85,73
14,66,77,66,28,11
15,81,86,20,23,92
16,58,38,98,85,62
17,26,10,32,69,90
18,45,27,71,53,74
19,29,19,50,65,81
20,99,20,15,15,13
21,82,86,50,71,69
22,90,34,52,61,99
23,21,11,69,49,42
24,40,95,78,94,28
25,57,86,57,22,35
26,98,86,45,69,26
27,97,80,44,24,45
28,18,82,42,56,46
29,98,88,39,33,25
30,65,17,96,82,64
1,11,10,21,62,64
2,88,14,84,97,82
3,39,81,95,49,60
4,27,25,61,60,76
5,51,71,58,26,33
6,46,26,67,67,48
7,72,25,74,18,18
8,79,26,49,40,19
9,68,49,43,86,20
10,37,10,81,60,52
11,12,57,90,38,23
12,49,25,83,30,22
13,78,32,39,81,53
14,80,17,99,76,58
15,60,69,95,42,67
16,94,70,44,83,53
17,45,30,20,31,97
18,42,46,34,34,21
19,83,96,44,19,45
20,55,87,62,15,87
21,78,97,52,11,58
22,28,51,92,89,62
23,88,53,51,98,79
24,88,86,16,35,36
25,40,45,95,81,59
26,89,19,30,26,69
27,65,74,17,94,78
28,25,53,73,37,40
29,85,81,89,32,13
30,41,50,35,45,23
1,39,55,84,26,88
2,83,97,58,41,58
3,20,76,35,99,43
4,98,15,82,27,80
5,11,84,62,53,29
6,37,33,84,50,22
7,34,46,79,33,54
8,24,39,73,80,34
9,49,64,18,11,96
10,34,45,99,19,62
11,32,12,52,39,65
12,50,91,90,53,74
13,26,55,34,32,92
14,49,18,95,99,91
15,31,53,10,71,34
16,51,63,12,31,40
17,32,28,51,55,13
18,38,64,84,84,53
19,21,70,64,39,96
20,48,93,21,20,59
21,69,22,83,79,55
22,59,76,67,14,67
23,83,78,39,18,42
24,84,15,59,95,51
25,98,44,97,33,63
26,49,97,34,70,89
27,55,85,16,88,60
28,17,91,26,40,14
29,80,58,52,24,61
30,71,61,88,88,96
1,14,29,30,72,89
2,68,98,88,82,60
3,61,76,98,98,51
4,82,43,40,71,29
5,98,62,77,86,86
6,33,55,97,35,40
7,49,94,81,36,63
8,27,60,45,74,47
9,25,15,83,42,12
10,31,52,84,31,89
11,14,98,90,84,82
12,42,89,73,50,62
13,57,64,73,15,79
14,50,13,11,91,89
15,49,31,42,17,23
16,80,69,87,34,50
17,38,76,17,66,74
18,85,33,39,33,71
19,47,14,62,29,81
20,98,86,14,85,37
21,64,59,46,30,38
22,98,38,65,44,57
23,75,25,19,51,48
24,10,80,27,16,61
25,23,50,59,10,45
26,32,75,36,86,58
27,54,11,68,19,53
28,17,28,18,34,91
29,37,69,38,83,89
30,17,45,71,47,80
1,43,38,48,32,46
2,83,79,88,89,20
3,36,32,73,95,32
4,30,94,74,40,11
5,50,52,45,92,71
6,99,60,35,53,69
7,84,69,68,98,82
8,57,70,93,50,21
9,78,79,63,89,33
10,65,37,62,68,45
11,74,77,77,75,99
12,29,43,47,54,40
13,82,38,48,35,25
14,96,82,98,69,39
15,29,74,23,76,85
16,25,20,34,51,48
17,21,64,31,24,42
18,48,28,74,81,97
19,30,32,45,43,44
20,82,19,41,77,57
21,37,25,20,92,63
22,12,78,46,28,25
23,65,75,93,64,20
24,65,85,96,59,63
25,76,67,71,25,53
26,67,66,99,63,17
27,59,32,96,19,39
28,82,26,19,35,66
29,99,73,61,29,99
30,90,64,19,85,67
1,22,31,65,30,40
2,94,26,27,71,21
3,22,83,56,72,33
4,31,47,43,98,38
5,54,35,27,43,50
6,30,84,53,56,95
7,37,35,72,76,74
8,60,35,70,42,13
9,73,35,13,14,40
10,24,26,36,87,84
11,75,23,38,46,34
12,66,63,94,97,65
13,33,10,75,34,88
14,37,18,56,57,74
15,45,83,92,42,95
16,13,86,15,66,72
17,31,94,26,76,22
18,16,99,75,80,27
19,65,40,94,19,56
20,37,31,97,56,23
21,48,19,43,74,27
22,89,79,25,96,23
23,96,91,59,76,65
24,43,38,44,41,75
25,80,59,46,82,87
26,79,73,97,28,93
27,28,94,79,59,42
28,90,71,70,56,66
29,56,83,70,89,67
30,84,94,29,59,75
1,89,14,82,59,41
2,58,57,87,43,76
3,98,16,47,49,75
4,85,12,66,58,68
5,50,72,70,65,58
6,52,82,76,37,20
7,72,15,90,96,42
8,34,83,81,21,94
9,13,75,14,89,43
10,25,48,79,43,29
11,13,11,61,97,50
12,56,49,98,41,52
13,13,71,20,14,22
14,80,48,44,88,95
15,69,80,93,81,31
16,22,99,86,17,55
17,18,75,74,18,55
18,64,61,20,83,94
19,51,29,46,98,13
20,19,61,17,15,79
21,25,42,42,14,79
22,86,66,50,63,12
23,31,74,12,67,83
24,35,59,61,77,18
25,33,40,73,89,37
26,36,36,76,54,25
27,32,48,54,12,47
28,27,95,42,17,92
29,42,83,61,76,91
30,53,59,34,62,25
1,92,72,27,28,47
2,84,56,68,61,87
3,20,23,41,77,35
4,42,78,46,35,41
5,70,75,74,28,75
6,97,25,76,79,15
7,87,11,38,41,86
8,97,40,35,73,97
9,78,50,72,29,40
10,47,35,39,46,77
11,26,93,13,76,77
12,41,48,65,79,31
13,14,95,37,35,69
14,34,44,88,23,36
15,23,88,20,12,98
16,27,60,51,51,87
17,42,16,25,69,99
18,97,66,72,12,77
19,13,81,48,71,70
20,59,61,41,30,27
21,29,14,56,42,27
22,27,58,57,23,39
23,55,20,28,12,75
24,49,80,51,58,62
25,50,19,11,32,59
26,43,51,51,79,49
27,11,99,38,82,15
28,35,43,53,94,12
29,61,80,51,21,83
30,79,81,73,24,58
1,78,83,70,83,63
2,82,46,40,18,21
3,38,52,77,15,29
4,60,21,62,17,76
5,63,97,71,26,58
6,61,56,48,59,77
7,34,56,99,22,23
8,55,49,95,78,66
9,38,60,92,61,88
10,39,23,64,59,21
11,11,65,40,15,93
12,36,53,50,27,40
13,52,72,37,65,81
14,19,60,56,73,70
15,18,41,47,12,71
16,34,96,81,57,57
17,46,71,30,85,13
18,94,29,63,44,83
19,44,19,63,58,66
20,32,40,29,97,12
21,74,12,58,85,55
22,69,32,93,43,69
23,72,44,42,40,70
24,57,90,95,61,16
25,67,94,87,34,91
26,53,16,15,64,23
27,76,91,20,82,55
28,46,30,72,98,78
29,33,55,31,31,50
30,31,71,45,57,45
1,35,81,73,70,76
2,88,72,18,27,98
3,40,65,31,20,84
4,99,59,63,86,58
5,12,66,29,20,31
6,71,16,17,73,97
7,16,43,39,73,30
8,50,25,27,18,32
9,84,36,78,48,64
10,15,98,59,76,69
11,89,87,93,13,91
12,25,13,57,97,73
13,98,24,24,77,39
14,42,44,30,41,42
15,64,71,33,11,53
16,38,20,20,76,28
17,49,26,62,95,81
18,73,17,86,80,57
19,44,87,32,44,34
20,25,91,74,38,57
21,59,96,87,35,31
22,23,20,10,57,42
23,98,17,84,30,74
24,94,16,16,80,81
25,20,75,70,64,74
26,89,42,63,67,88
27,78,39,33,10,28
28,58,48,17,99,96
29,74,44,75,39,68
30,87,35,79,21,77
1,73,15,65,24,68
2,22,25,50,18,93
3,65,88,26,82,98
4,20,61,57,81,44
5,95,87,53,22,26
6,54,25,23,38,35
7,19,23,78,42,11
8,78,62,98,55,38
9,58,83,56,80,60
10,64,19,31,52,73
11,45,74,77,43,41
12,56,68,65,92,32
13,61,26,82,52,82
14,44,15,38,54,75
15,49,36,91,51,12
16,74,68,59,24,50
17,75,12,56,79,30
18,75,58,81,59,40
19,79,41,25,15,64
20,90,37,59,92,10
21,46,67,99,23,94
22,84,79,92,40,91
23,86,19,41,50,17
24,32,31,54,37,86
25,65,94,43,88,39
26,21,84,17,16,47
27,54,71,74,92,29
28,40,98,67,87,53
29,93,19,41,88,81
30,32,99,54,22,12
1,93,40,26,32,20
2,61,88,68,21,95
3,91,27,30,11,50
4,69,62,61,76,22
5,43,61,49,24,64
6,81,75,53,42,98
7,63,48,92,10,26
8,75,76,43,30,10
9,73,84,47,88,10
10,61,43,73,46,80
11,58,67,56,23,72
12,48,36,95,93,40
13,35,17,18,75,11
14,88,24,10,54,18
15,56,69,93,94,90
16,31,85,30,57,59
17,35,10,97,16,40
18,52,33,52,85,97
19,45,48,81,49,69
20,85,40,90,37,30
21,68,46,22,42,98
22,76,14,91,22,74
23,51,86,18,19,86
24,23,51,67,95,11
25,55,79,33,30,63
26,52,44,49,36,40
27,69,53,46,41,54
28,41,24,33,68,64
29,96,20,98,81,69
30,32,55,41,11,97
1,59,59,72,99,82
2,97,71,38,11,82
3,13,21,23,12,65
4,93,89,88,20,83
5,44,72,64,77,79
6,33,40,80,14,54
7,93,36,23,88,27
8,77,96,33,21,74
9,74,92,83,30,11
10,80,47,54,27,99
11,45,93,63,71,76
12,36,85,62,39,48
13,45,92,35,14,55
14,73,66,51,31,68
15,97,19,83,33,99
16,49,78,61,85,53
17,82,10,83,88,15
18,74,26,83,22,19
19,71,52,32,70,54
20,41,30,48,72,78
21,79,49,60,62,25
22,53,35,99,55,77
23,94,59,59,59,28
24,24,81,26,72,79
25,72,34,19,86,53
26,39,45,54,21,99
27,42,93,71,25,64
28,40,74,79,45,34
29,14,36,12,10,71
30,65,32,67,80,41
1,59,91,72,31,44
2,61,93,90,96,50
3,28,15,91,45,65
4,59,87,66,58,77
5,81,39,23,57,53
6,86,64,47,33,56
7,74,47,34,61,55
8,74,96,65,90,12
9,76,23,34,14,43
10,16,82,63,22,71
11,91,60,43,83,41
12,98,80,77,35,13
13,17,86,75,80,88
14,62,97,38,71,55
15,42,13,96,77,97
16,25,31,62,42,97
17,63,39,14,68,69
18,60,47,57,20,58
19,49,47,71,63,88
20,74,80,58,97,12
21,16,57,58,88,78
22,95,57,35,69,28
23,50,99,27,38,33
24,53,22,86,71,88
25,59,85,31,97,12
26,15,73,37,44,12
27,11,25,79,65,49
28,60,28,69,88,68
29,55,79,54,69,27
30,73,94,35,53,19
1,93,47,23,64,96
2,54,51,31,36,55
3,89,16,30,49,22
4,46,54,87,48,95
5,77,74,43,14,76
6,57,70,29,18,26
7,12,43,73,93,72
8,46,98,29,64,10
9,78,42,78,35,19
10,89,69,85,76,35
11,65,13,94,23,18
12,26,22,89,49,42
13,30,37,38,64,25
14,53,93,76,82,76
15,33,61,40,97,27
16,57,44,65,84,43
17,71,99,15,60,62
18,11,71,19,40,91
19,31,52,92,36,89
20,45,57,29,28,13
21,10,65,54,99,23
22,27,77,68,20,22
23,11,21,84,66,25
24,78,42,75,25,46
25,37,38,68,51,52
26,25,76,35,21,76
27,61,87,48,11,99
28,41,53,39,27,29
29,33,14,41,95,49
30,44,51,83,41,57
1,17,67,68,90,45
2,83,36,32,38,55
3,25,14,85,44,29
4,72,27,12,24,76
5,30,99,62,22,12
6,29,27,61,61,18
7,46,81,74,31,57
8,96,39,94,63,69
9,55,18,46,81,59
10,62,34,38,59,57
11,45,80,65,14,36
12,26,80,25,72,48
13,97,45,16,40,18
14,94,32,15,21,90
15,58,17,49,15,39
16,46,53,35,95,48
17,29,71,96,86,43
18,56,72,54,91,37
19,89,69,61,10,57
20,10,28,25,24,18
21,56,85,24,97,97
22,35,35,22,35,67
23,63,47,13,91,33
24,67,14,50,48,48
25,93,38,96,38,33
26,97,51,50,34,23
27,90,27,84,76,79
28,25,60,35,37,41
29,70,61,45,69,94
30,39,49,96,93,67
1,83,60,22,24,35
2,58,28,91,12,39
3,52,18,62,24,25
4,90,12,74,16,17
5,38,92,27,71,92
6,22,81,97,10,66
7,80,79,62,31,74
8,65,10,27,98,60
9,67,70,24,97,34
10,58,68,90,47,27
11,58,19,88,70,91
12,49,96,44,37,38
13,74,74,25,76,76
14,57,25,31,54,57
15,95,69,60,16,40
16,96,12,78,36,56
17,71,88,70,70,71
18,88,61,23,63,73
19,34,48,16,38,37
20,53,89,66,25,24
21,13,72,94,96,39
22,18,55,19,62,68
23,62,29,70,90,57
24,77,83,52,57,36
25,60,97,23,70,33
26,48,57,50,10,48
27,88,15,19,42,44
28,25,94,41,15,87
29,79,83,51,77,79
30,30,58,96,90,54
1,52,16,65,46,80
2,42,15,30,20,50
3,46,55,82,98,22
4,49,63,18,41,53
5,14,11,74,72,83
6,32,71,75,84,78
7,47,76,16,27,69
8,31,71,68,92,87
9,57,40,46,41,67
10,26,51,39,54,99
11,76,69,19,81,57
12,37,73,54,16,58
13,75,42,68,68,26
14,96,31,13,30,54
15,56,62,66,86,54
16,79,40,40,29,13
17,73,42,53,25,69
18,79,46,85,92,87
19,15,95,29,54,38
20,35,41,28,81,46
21,46,74,80,36,38
22,67,76,82,90,71
23,69,32,79,12,33
24,63,30,11,54,10
25,87,18,71,79,42
26,53,11,37,83,48
27,88,75,54,94,76
28,92,15,18,11,45
29,15,64,94,58,20
30,74,94,92,42,22
1,91,13,96,45,86
2,92,53,61,84,94
3,50,65,51,49,79
4,50,38,58,36,95
5,16,69,56,63,78
6,17,53,63,73,83
7,42,51,80,10,63
8,35,42,99,65,77
9,47,10,76,98,98
10,77,31,19,23,19
11,42,31,65,82,36
12,29,42,70,35,17
13,65,65,50,50,29
14,33,93,79,32,58
15,10,79,84,62,32
16,43,53,87,42,10
17,87,23,46,86,78
18,84,59,12,26,39
19,17,53,62,89,96
20,80,46,88,58,40
21,83,98,75,21,63
22,61,29,47,60,18
23,74,62,59,33,32
24,95,99,83,68,60
25,23,64,26,15,27
26,65,55,42,25,45
27,73,24,85,75,62
28,52,40,14,47,55
29,50,58,94,19,97
30,35,86,61,82,31
1,50,79,31,70,55
2,88,80,29,22,19
3,68,98,24,72,64
4,78,28,82,42,61
5,28,59,23,29,21
6,95,87,68,14,22
7,17,60,11,14,93
8,11,41,39,46,40
9,61,61,80,65,31
10,20,82,82,56,55
11,41,35,48,69,20
12,72,48,38,69,52
13,83,92,97,84,95
14,30,76,43,27,63
15,45,63,42,81,86
16,97,68,99,82,91
17,90,70,75,17,43
18,42,14,63,40,20
19,64,85,30,84,23
20,34,80,54,80,40
21,20,82,78,60,53
22,25,60,20,82,42
23,97,29,40,36,81
24,33,97,10,84,71
25,38,76,79,75,93
26,69,14,69,53,26
27,86,49,95,15,59
28,84,32,95,73,96
29,63,74,63,44,65
30,25,34,97,49,96
1,40,76,44,75,45
2,91,25,98,70,24
3,10,73,54,99,29
4,39,43,42,86,68
5,97,86,56,52,62
6,87,10,35,21,73
7,77,16,65,26,68
8,50,48,87,60,42
9,11,28,51,63,33
10,47,67,52,82,61
11,45,18,73,85,92
12,87,72,94,57,97
13,30,54,62,63,41
14,59,73,45,59,83
15,20,78,86,40,11
16,96,86,92,18,49
17,14,31,81,64,39
18,58,54,49,19,13
19,92,10,45,26,20
20,94,86,39,91,21
21,57,41,62,23,47
22,96,59,14,94,77
23,27,99,67,79,47
24,91,13,71,36,84
25,59,26,15,19,60
26,70,46,96,60,13
27,64,24,18,70,18
28,36,56,47,13,65
29,74,34,50,82,73
30,14,61,71,16,25
1,53,94,49,94,75
2,76,50,13,43,80
3,32,62,76,82,98
4,15,20,56,59,80
5,22,13,25,52,50
6,41,45,33,81,36
7,50,36,13,78,78
8,33,32,30,68,89
9,35,79,43,43,21
10,16,71,28,47,84
11,28,68,23,40,56
12,24,31,80,27,29
13,21,42,76,37,29
14,37,46,12,99,67
15,62,93,19,91,13
16,33,22,14,21,20
17,19,73,80,66,72
18,48,24,95,15,64
19,79,37,91,96,72
20,40,40,18,63,35
21,26,64,15,36,85
22,55,37,69,84,26
23,44,60,88,18,29
24,26,68,31,89,54
25,77,15,62,48,55
26,66,31,67,21,66
27,27,51,42,22,14
28,80,33,57,23,44
29,31,22,35,34,21
30,63,24,48,57,94
1,11,83,81,14,10
2,98,47,74,10,54
3,54,98,49,44,27
4,77,16,77,64,94
5,51,23,99,92,37
6,36,80,41,32,43
7,40,48,94,14,55
8,98,93,64,45,80
9,76,15,67,74,15
10,93,95,31,67,61
11,22,92,83,22,30
12,10,95,32,40,95
13,66,31,86,88,83
14,15,65,38,73,47
15,37,47,31,10,89
16,92,44,45,68,91
17,41,68,87,92,38
18,83,42,71,87,47
19,49,76,25,89,59
20,71,31,47,43,23
21,27,85,97,34,24
22,51,10,36,55,98
23,59,69,97,38,36
24,81,55,37,80,41
25,14,19,33,60,73
26,34,11,65,31,39
27,23,37,65,69,62
28,22,66,23,58,78
29,25,99,33,72,51
30,78,11,15,93,49
1,18,34,54,69,24
2,87,66,36,97,56
3,42,95,94,96,87
4,48,71,79,88,46
5,66,88,97,22,23
6,31,15,86,43,55
7,17,66,30,20,18
8,37,91,31,36,79
9,43,96,59,57,34
10,81,37,75,41,16
11,41,13,37,72,72
12,45,68,50,31,97
13,26,80,21,34,49
14,84,38,66,11,53
15,56,44,22,52,69
16,85,11,65,19,39
17,83,45,53,11,31
18,46,30,70,53,81
19,67,92,11,58,51
20,74,38,98,87,95
21,76,65,86,18,52
22,89,93,28,35,40
23,25,79,57,30,73
24,41,66,92,99,55
25,14,35,91,17,37
26,22,49,48,81,36
27,68,75,34,19,71
28,44,89,17,33,35
29,58,36,22,91,74
30,82,85,78,36,57
1,70,58,50,11,69
2,46,48,59,62,61
3,76,14,33,90,82
4,90,84,67,56,14
5,19,78,25,41,34
6,49,44,64,30,70
7,62,41,57,60,54
8,24,94,31,64,62
9,57,45,64,46,96
10,19,49,71,54,49
11,24,86,84,36,70
12,39,95,17,38,29
13,97,18,85,15,57
14,80,39,77,21,83
15,86,24,55,43,28
16,77,74,63,10,62
17,66,98,44,60,15
18,99,14,98,15,19
19,38,16,14,10,67
20,92,98,63,95,29
21,70,27,27,36,79
22,23,80,52,58,14
23,40,18,32,24,84
24,75,59,64,53,55
25,57,30,77,94,29
26,24,21,57,28,57
27,46,31,21,27,49
28,10,94,64,89,42
29,99,78,24,54,78
30,12,76,37,87,36
1,38,45,87,75,76
2,34,42,47,23,24
3,32,90,39,46,37
4,21,33,99,68,47
5,49,41,67,69,66
6,93,85,95,86,53
7,12,67,77,20,22
8,58,52,76,29,43
9,75,46,53,96,18
10,76,12,88,56,50
11,76,78,27,26,64
12,46,52,62,58,26
13,13,51,91,34,41
14,66,21,95,52,74
15,41,55,62,58,29
16,80,27,39,16,41
17,11,17,92,67,16
18,21,73,94,34,21
19,54,81,75,29,86
20,57,99,89,73,40
21,31,34,13,64,99
22,77,50,58,45,62
23,68,63,34,63,44
24,31,90,99,59,70
25,42,28,36,53,47
26,68,81,66,62,84
27,52,35,22,99,33
28,26,63,84,79,99
29,67,66,46,99,16
30,55,44,79,19,71
1,22,16,52,13,78
2,76,96,49,61,14
3,31,88,28,26,49
4,30,99,78,99,90
5,86,74,75,89,72
6,19,84,46,52,57
7,55,82,75,52,22
8,63,53,78,89,68
9,34,39,26,13,80
10,26,43,30,70,51
11,99,33,23,39,94
12,94,73,42,48,45
13,41,73,37,88,94
14,86,10,89,74,56
15,41,46,74,12,35
16,81,62,47,15,21
17,16,92,70,81,98
18,85,78,51,10,37
19,53,13,59,26,47
20,30,26,29,27,45
21,44,90,19,86,87
22,72,73,14,78,24
23,27,13,18,12,93
24,24,11,14,81,88
25,20,98,83,14,51
26,30,93,65,98,24
27,29,81,39,19,23
28,87,10,29,58,29
29,72,10,15,52,28
30,36,59,56,65,29
1,87,74,22,98,35
2,17,12,77,96,31
3,81,72,56,37,94
4,81,63,89,60,63
5,47,31,18,21,70
6,59,22,87,42,58
7,56,76,12,34,14
8,57,98,53,80,50
9,51,97,18,38,48
10,45,91,65,70,57
11,92,72,76,54,64
12,52,35,10,67,19
13,30,44,76,51,63
14,39,23,73,92,75
15,33,82,39,10,77
16,63,55,90,39,60
17,24,58,82,26,54
18,27,73,16,80,87
19,88,73,52,68,12
20,30,69,66,20,89
21,78,58,32,19,92
22,93,73,63,49,60
23,94,75,32,28,66
24,49,65,14,13,14
25,67,70,54,55,12
26,15,74,79,46,93
27,99,89,68,49,67
28,78,72,17,99,28
29,58,41,31,46,31
30,42,59,36,64,85
1,66,24,80,43,75
2,56,10,83,35,57
3,97,93,62,35,78
4,27,75,12,45,73
5,84,22,15,69,26
6,11,39,76,90,71
7,38,98,29,31,48
8,56,10,84,59,74
9,10,38,52,44,98
10,62,35,46,43,63
11,65,85,49,51,55
12,42,36,97,58,13
13,79,16,42,93,88
14,88,76,16,70,56
15,23,31,62,36,73
16,49,75,18,15,15
17,58,94,14,68,60
18,50,38,89,20,49
19,61,23,27,74,47
20,64,92,19,77,67
21,90,26,43,65,91
22,48,19,54,80,45
23,50,99,31,84,10
24,54,48,76,54,90
25,41,91,28,80,79
26,18,72,51,70,24
27,24,36,55,59,59
28,82,15,56,18,96
29,62,24,42,54,43
30,75,74,64,30,17
1,76,78,89,83,72
2,17,67,35,87,76
3,40,22,25,66,95
4,64,14,41,47,57
5,20,95,77,11,28
6,52,56,11,51,72
7,53,97,10,82,19
8,82,83,45,89,96
9,49,43,86,21,64
10,34,21,93,66,68
11,77,28,21,62,26
12,91,66,37,23,85
13,85,97,47,36,27
14,63,69,81,96,38
15,61,77,65,94,79
16,48,81,71,23,28
17,97,63,43,26,92
18,65,35,85,51,48
19,65,15,32,62,75
20,55,77,82,71,73
21,76,95,69,15,66
22,28,44,55,73,79
23,53,53,60,49,28
24,92,16,22,22,25
25,47,42,73,37,19
26,11,57,40,29,22
27,80,51,44,13,35
28,63,47,69,82,86
29,46,61,20,89,96
30,54,26,66,44,47
1,45,38,14,44,54
2,10,47,70,46,92
3,93,31,20,38,50
4,24,15,74,53,57
5,36,69,63,98,61
6,65,12,57,88,20
7,14,40,46,37,30
8,10,84,66,24,11
9,67,27,61,64,55
10,64,70,13,84,62
11,67,44,41,64,34
12,16,93,13,70,30
13,50,64,99,82,29
14,62,93,73,19,64
15,97,78,16,88,72
16,62,20,63,67,19
17,28,89,52,57,85
18,19,35,10,90,30
19,52,79,38,42,77
20,49,21,34,85,51
21,62,50,48,36,68
22,47,50,62,85,43
23,64,11,47,71,39
24,80,65,10,66,68
25,61,14,96,70,77
26,44,98,45,84,65
27,37,26,98,11,47
28,90,99,10,75,92
29,64,42,95,95,88
30,86,25,41,97,82
1,45,76,29,20,33
2,22,74,61,22,75
3,15,55,76,64,29
4,16,74,92,86,80
5,40,82,38,92,17
6,96,26,22,84,60
7,35,86,29,53,48
8,98,60,35,61,72
9,76,14,17,80,75
10,72,69,91,53,58
11,29,67,18,13,27
12,55,18,31,90,56
13,66,75,46,14,87
14,73,43,36,55,99
15,87,65,59,40,24
16,24,50,21,21,38
17,93,51,74,16,58
18,28,97,44,90,24
19,30,46,63,47,49
20,70,67,34,89,20
21,54,21,77,94,34
22,14,68,97,57,99
23,45,35,83,17,87
24,91,87,30,12,84
25,32,13,30,88,87
26,36,24,10,72,55
27,46,31,99,78,42
28,31,70,22,79,86
29,57,40,36,48,65
30,67,38,54,82,53
1,62,38,68,98,19
2,34,72,79,81,40
3,36,70,78,50,46
4,72,54,61,54,83
5,57,75,51,54,95
6,32,59,26,77,59
7,33,22,40,25,80
8,20,30,72,11,69
9,63,32,59,44,55
10,42,68,90,47,89
11,40,80,71,90,75
12,64,42,56,19,92
13,53,58,14,96,78
14,81,36,35,26,44
15,80,79,39,41,12
16,15,87,73,66,69
17,54,80,37,48,22
18,26,41,56,73,29
19,23,43,25,17,40
20,34,91,95,32,94
21,51,59,74,93,23
22,81,87,88,13,88
23,20,95,10,52,15
24,69,34,12,76,49
25,40,56,54,22,89
26,60,99,50,22,59
27,71,43,48,34,44
28,81,43,66,14,62
29,94,99,80,17,53
30,40,52,78,33,53
1,87,63,15,51,67
2,38,77,94,28,10
3,71,93,44,53,85
4,87,73,27,10,97
5,45,46,97,21,51
6,31,76,44,12,25
7,81,35,33,56,79
8,78,72,37,76,13
9,83,10,70,32,13
10,83,24,77,63,14
11,26,58,69,84,60
12,26,25,15,61,18
13,33,27,80,88,10
14,30,87,27,81,29
15,57,22,80,97,42
16,76,25,42,21,22
17,87,16,51,75,31
18,44,54,81,12,76
19,11,34,63,61,76
20,37,46,75,17,25
21,33,35,10,68,65
22,67,46,42,44,54
23,38,69,98,87,28
24,79,86,76,27,92
25,83,51,73,45,98
26,11,90,26,67,96
27,12,89,96,70,15
28,99,89,37,72,45
29,42,75,50,49,49
30,79,73,42,54,69
1,15,62,47,17,71
2,90,61,44,25,60
3,43,17,44,32,70
4,53,85,52,74,46
5,66,85,40,94,20
6,55,36,24,21,40
7,40,24,54,40,87
8,56,89,95,73,70
9,35,55,23,29,34
10,23,71,15,81,94
11,97,79,50,73,97
12,59,22,39,90,58
13,69,27,32,49,87
14,40,73,46,16,45
15,31,40,43,84,55
16,22,61,40,51,83
17,97,75,53,44,37
18,24,90,13,37,72
19,97,41,91,45,23
20,57,16,41,74,54
21,87,11,32,90,47
22,50,33,82,76,51
23,47,45,25,28,59
24,43,66,29,55,97
25,77,88,92,14,87
26,86,45,18,40,48
27,85,32,39,63,77
28,33,98,71,32,78
29,68,82,48,88,96
30,87,52,24,66,77
1,36,57,98,83,21
2,21,71,71,79,25
3,45,86,66,86,28
4,44,69,81,44,13
5,69,54,91,88,69
6,34,29,60,14,41
7,49,34,91,85,69
8,96,70,27,52,39
9,71,50,15,41,60
10,54,73,81,10,12
11,68,33,48,15,11
12,34,88,63,30,31
13,27,55,69,11,88
14,38,27,43,35,55
15,71,39,88,59,51
16,11,38,54,30,42
17,72,70,20,88,22
18,35,40,74,55,70
19,14,88,75,29,32
20,75,54,46,80,72
21,59,30,31,66,53
22,53,99,55,83,80
23,51,50,39,98,24
24,34,98,92,85,47
25,66,35,84,99,56
26,68,69,62,38,27
27,81,12,70,87,62
28,84,99,46,86,72
29,75,40,21,66,21
30,99,79,18,81,68
1,52,43,44,11,23
2,19,36,84,98,68
3,73,64,17,34,86
4,62,30,31,94,90
5,55,98,30,19,58
6,31,73,43,81,75
7,42,76,96,75,22
8,86,38,15,49,43
9,96,48,76,90,62
10,50,44,87,50,91
11,20,90,14,56,50
12,77,16,32,18,75
13,38,93,89,28,17
14,94,64,65,99,85
15,68,29,35,84,86
16,49,82,96,84,30
17,85,45,46,19,52
18,17,36,19,48,57
19,67,14,89,37,11
20,92,90,69,94,18
21,96,85,82,45,79
22,14,49,72,40,53
23,46,40,22,35,88
24,57,28,93,36,82
25,32,85,71,29,99
26,54,30,53,73,96
27,64,90,77,86,61
28,53,36,86,35,23
29,54,25,97,36,15
30,50,84,43,60,88
1,28,85,52,81,86
2,78,42,91,26,16
3,42,42,23,63,73
4,19,54,41,11,99
5,52,19,57,47,96
6,48,47,84,28,89
7,89,89,38,96,78
8,69,94,59,91,44
9,62,27,42,94,97
10,17,78,90,42,81
11,79,20,95,15,66
12,68,59,62,99,83
13,16,30,76,20,64
14,31,39,50,40,80
15,51,51,51,86,53
16,98,63,13,34,41
17,48,14,96,60,20
18,50,76,61,41,94
19,66,67,41,31,94
20,44,80,92,69,28
21,76,98,50,10,80
22,15,50,37,69,21
23,50,27,44,61,92
24,81,47,91,20,90
25,78,64,41,13,70
26,52,56,92,68,31
27,56,95,36,76,95
28,52,74,84,18,44
29,41,89,36,73,81
30,87,27,28,19,92
1,66,51,84,24,79
2,32,65,81,87,77
3,50,91,34,98,38
4,33,98,48,14,42
5,50,52,90,73,82
6,75,48,17,15,70
7,90,81,79,65,95
8,47,60,16,54,25
9,75,20,48,98,11
10,12,41,58,48,55
11,22,65,77,83,60
12,50,11,92,88,45
13,64,86,97,12,21
14,82,97,76,58,44
15,87,72,12,47,59
16,67,95,11,12,67
17,13,65,84,80,22
18,69,81,61,59,89
19,31,69,87,16,24
20,84,49,50,14,94
21,83,54,47,79,69
22,72,22,81,49,73
23,69,95,46,36,70
24,15,67,43,99,58
25,14,35,38,85,33
26,30,12,31,67,62
27,10,51,62,26,29
28,64,55,78,48,70
29,56,38,71,93,99
30,96,73,75,70,38
1,36,71,56,83,62
2,28,73,49,74,47
3,76,37,20,86,96
4,25,36,36,20,71
5,69,83,13,61,82
6,69,74,45,12,41
7,87,28,46,22,74
8,74,95,16,42,76
9,78,94,90,57,14
10,51,69,75,23,37
11,71,80,21,68,18
12,23,37,78,35,43
13,95,67,64,40,50
14,14,61,18,94,10
15,80,77,13,84,82
16,91,28,70,15,85
17,78,13,56,18,52
18,46,71,27,45,57
19,87,31,20,99,84
20,87,40,19,75,64
21,70,66,19,75,41
22,39,54,21,76,63
23,24,97,76,93,39
24,64,18,77,15,96
25,16,96,47,38,96
26,37,26,25,64,47
27,13,68,34,51,55
28,67,41,26,14,74
29,78,22,69,19,36
30,95,32,21,80,47
1,86,99,32,61,92
2,67,50,55,69,61
3,20,61,33,20,51
4,86,58,79,94,74
5,89,52,27,35,22
6,39,64,29,99,18
7,94,19,24,60,63
8,46,87,92,16,83
9,56,16,47,58,78
10,71,68,71,44,82
11,92,94,25,70,16
12,75,31,30,51,92
13,39,77,99,60,51
14,75,27,42,66,46
15,38,16,73,14,37
16,13,24,75,98,28
17,80,44,93,67,26
18,70,42,55,82,50
19,27,90,33,21,19
20,71,92,81,78,51
21,22,48,54,99,94
22,47,40,67,34,13
23,11,17,53,77,66
24,17,14,86,91,45
25,65,38,87,29,80
26,14,73,56,37,35
27,63,19,87,82,26
28,51,76,94,19,71
29,38,28,56,21,24
30,16,26,21,82,51
1,54,50,41,91,68
2,53,54,41,95,73
3,52,43,81,62,35
4,81,72,57,84,46
5,75,47,52,41,82
6,74,77,84,78,50
7,52,72,56,63,12
8,64,92,86,25,86
9,12,50,33,68,64
10,12,29,85,79,72
11,56,35,91,38,90
12,86,63,95,58,24
13,14,10,89,29,64
14,22,58,62,27,74
15,48,41,92,83,65
16,65,38,42,10,63
17,11,48,54,61,63
18,49,95,57,16,20
19,66,41,72,24,82
20,12,73,18,84,35
21,41,78,23,35,69
22,90,10,51,47,30
23,49,92,62,69,15
24,55,50,18,35,88
25,22,81,13,16,43
26,43,45,15,92,27
27,33,41,80,31,24
28,36,59,89,87,93
29,59,52,92,72,93
30,12,58,35,79,79
1,70,99,47,85,52
2,29,82,56,87,93
3,20,36,41,15,54
4,65,46,78,84,19
5,61,63,93,67,66
6,49,94,88,27,86
7,75,80,74,23,88
8,29,25,14,54,88
9,73,93,81,87,66
10,77,24,95,91,74
11,12,21,72,69,23
12,98,42,80,69,55
13,62,81,59,44,79
14,59,63,56,57,81
15,64,97,40,80,97
16,21,46,86,95,45
17,71,78,88,23,43
18,57,27,10,80,77
19,10,87,89,79,98
20,34,99,25,22,19
21,76,25,35,81,83
22,86,30,92,56,97
23,91,83,42,87,12
24,37,47,53,36,77
25,67,56,98,88,65
26,60,87,95,59,96
27,75,23,59,96,30
28,89,80,79,44,31
29,73,32,13,21,26
30,35,94,50,94,34
1,74,73,79,84,91
2,75,54,72,51,40
3,34,91,24,47,35
4,89,31,98,19,26
5,18,32,43,32,14
6,66,45,50,36,65
7,11,56,64,59,99
8,16,58,56,26,28
9,22,79,44,74,35
10,92,71,11,97,75
11,15,54,31,46,19
12,68,67,72,47,87
13,30,27,52,51,72
14,98,11,87,27,52
15,46,83,62,16,33
16,97,63,21,99,16
17,91,55,47,10,41
18,51,17,95,26,44
19,10,98,94,77,58
20,49,93,85,66,78
21,14,54,47,43,98
22,45,13,58,19,41
23,75,49,31,38,61
24,66,14,99,70,16
25,60,98,81,40,85
26,90,12,59,57,80
27,18,80,62,57,94
28,56,19,35,48,20
29,69,46,77,32,43
30,87,61,81,26,98
1,53,33,31,37,96
2,15,44,35,32,23
3,94,63,78,36,69
4,17,94,55,12,60
5,56,50,99,68,91
6,86,45,96,35,41
7,11,75,73,48,17
8,67,16,15,85,98
9,20,78,92,34,60
10,70,38,75,84,51
11,29,23,91,97,87
12,45,38,29,64,64
13,12,55,80,44,85
14,69,42,86,25,87
15,60,88,46,39,75
16,59,86,64,41,18
17,41,99,52,14,84
18,18,27,63,60,21
19,68,31,11,78,49
20,38,18,11,48,84
21,99,73,68,74,23
22,64,42,89,43,79
23,51,19,61,56,24
24,12,62,76,30,75
25,54,55,42,31,76
26,93,64,92,18,96
27,81,49,10,43,75
28,95,21,97,53,11
29,10,13,51,76,21
30,63,55,83,66,53
1,17,81,60,57,17
2,46,53,20,49,89
3,84,30,79,80,93
4,27,59,91,93,57
5,11,46,25,55,38
6,39,58,54,84,98
7,49,41,13,46,15
8,47,49,78,88,99
9,91,17,53,26,44
10,98,14,37,24,37
11,21,16,70,62,56
12,46,48,94,25,16
13,92,61,45,35,76
14,62,12,13,93,66
15,36,67,63,92,27
16,80,13,77,60,56
17,29,64,85,89,16
18,79,39,21,12,43
19,61,31,95,87,90
20,16,68,21,65,67
21,22,70,81,27,61
22,85,19,61,89,44
23,64,24,91,97,12
24,26,59,16,25,79
25,37,68,84,65,90
26,52,29,58,97,15
27,90,73,55,65,84
28,50,79,86,76,81
29,61,95,21,14,17
30,92,34,81,12,25
1,44,95,60,61,32
2,94,47,69,44,96
3,76,24,87,23,74
4,70,13,75,35,66
5,97,15,15,39,32
6,97,41,29,99,80
7,17,50,78,96,44
8,95,85,26,65,65
9,90,57,77,87,84
10,40,50,44,87,29
11,88,53,15,48,60
12,82,67,82,55,21
13,19,49,35,14,45
14,66,51,99,62,22
15,70,50,90,78,61
16,32,27,57,21,78
17,20,12,76,46,47
18,22,27,46,47,63
19,11,55,20,16,16
20,68,41,29,90,20
21,89,67,32,18,37
22,73,19,70,11,96
23,86,94,79,80,22
24,80,66,69,22,39
25,25,56,67,23,26
26,31,45,84,86,80
27,76,75,96,87,11
28,99,69,57,94,38
29,12,52,92,43,69
30,63,14,68,24,22
1,43,86,84,40,94
2,84,19,32,49,77
3,53,13,50,19,45
4,79,18,41,56,77
5,77,52,29,60,99
6,62,78,45,95,78
7,29,81,46,73,27
8,72,88,46,81,57
9,50,49,28,88,90
10,85,98,15,82,78
11,46,12,53,98,71
12,38,86,34,95,80
13,19,40,59,45,56
14,13,69,83,57,20
15,90,45,19,74,22
16,50,68,87,84,40
17,47,28,86,42,10
18,68,99,81,86,37
19,65,95,30,52,47
20,66,20,43,87,52
21,32,96,31,51,32
22,95,72,45,46,47
23,20,52,40,16,11
24,33,83,59,39,48
25,43,43,11,56,49
26,90,63,45,55,39
27,59,64,36,92,84
28,97,67,20,62,35
29,84,38,22,28,63
30,69,43,75,52,39
1,40,55,48,59,13
2,60,95,42,36,18
3,91,61,32,16,99
4,76,28,91,82,99
5,11,96,42,67,85
6,86,21,93,42,22
7,52,55,96,63,11
8,79,93,26,47,35
9,51,71,43,83,46
10,75,63,31,93,23
11,13,39,38,96,92
12,59,33,82,92,42
13,79,37,62,22,22
14,20,29,70,71,29
15,74,95,47,69,84
16,81,46,38,63,54
17,52,30,26,58,98
18,18,48,71,23,17
19,99,42,74,92,62
20,17,14,82,24,36
21,61,20,22,96,68
22,10,66,82,81,98
23,82,27,31,57,81
24,38,10,74,46,56
25,95,95,73,31,70
26,99,16,31,84,28
27,33,61,71,40,78
28,69,26,85,51,56
29,10,49,40,67,62
30,33,56,88,57,54
1,76,13,99,64,63
2,30,29,19,39,14
3,60,71,46,25,54
4,74,44,36,55,81
5,63,69,55,20,37
6,81,30,64,56,67
7,83,37,45,74,37
8,98,29,76,69,67
9,58,51,59,97,27
10,51,25,39,45,23
11,57,72,42,34,82
12,73,10,11,75,85
13,42,40,62,18,64
14,19,80,65,10,98
15,29,77,57,87,27
16,19,35,30,96,69
17,45,28,91,42,27
18,11,97,40,85,12
19,37,74,95,28,77
20,83,78,61,49,24
21,36,70,73,13,18
22,73,40,24,65,68
23,46,13,67,45,28
24,17,22,34,20,45
25,48,39,10,24,58
26,58,81,70,98,35
27,26,16,50,25,90
28,62,78,42,65,19
29,38,87,71,20,25
30,68,28,16,78,90
1,88,47,63,22,55
2,10,55,66,39,70
3,40,52,92,58,36
4,13,89,51,86,11
5,66,33,16,41,62
6,53,53,26,47,75
7,33,98,97,75,27
8,80,39,70,81,28
9,53,75,85,56,34
10,44,86,11,57,36
11,42,77,94,40,99
12,80,77,47,64,31
13,44,47,94,46,60
14,71,68,23,46,44
15,59,72,62,13,93
16,36,19,55,77,48
17,81,89,43,35,93
18,32,99,19,19,72
19,80,59,96,12,95
20,25,26,64,28,72
21,47,64,67,20,93
22,27,61,34,25,42
23,18,41,16,39,94
24,19,42,52,39,74
25,17,56,97,28,91
26,10,22,26,70,35
27,81,23,97,20,16
28,21,58,81,78,62
29,46,44,47,82,49
30,86,52,90,76,83
1,22,27,32,73,16
2,35,20,90,40,21
3,83,33,45,80,20
4,78,75,97,31,89
5,79,12,41,78,37
6,93,13,50,57,85
7,79,22,48,85,93
8,78,18,19,59,60
9,15,28,18,60,55
10,13,42,70,78,71
11,89,22,19,61,54
12,13,84,79,36,13
13,49,56,79,36,51
14,39,10,94,93,82
15,40,22,22,36,35
16,41,23,17,11,17
17,60,13,21,41,43
18,49,62,45,77,70
19,90,81,56,53,34
20,98,23,21,43,10
21,93,12,81,76,71
22,44,40,58,65,63
23,47,33,91,59,24
24,26,70,22,69,37
25,80,50,72,99,73
26,73,59,59,62,72
27,93,30,13,67,25
28,51,73,83,97,38
29,95,23,21,27,21
30,88,72,99,61,15
1,68,71,98,41,29
2,30,29,74,45,20
3,27,50,63,50,14
4,50,97,10,24,36
5,64,36,43,48,79
6,63,35,37,80,96
7,71,91,68,98,96
8,89,94,14,20,23
9,83,50,89,11,14
10,58,64,62,82,48
11,24,71,97,69,54
12,41,96,29,94,65
13,55,32,92,64,56
14,71,49,70,46,77
15,65,30,68,29,86
16,46,72,10,71,65
17,77,29,85,11,17
18,86,89,46,16,94
19,17,15,56,95,25
20,19,51,71,67,17
21,52,21,21,70,15
22,14,30,58,82,60
23,33,12,55,12,13
24,25,84,13,36,68
25,50,82,37,81,56
26,53,65,13,31,33
27,40,15,20,75,55
28,31,30,29,74,33
29,33,29,27,72,10
30,82,24,83,34,78
1,97,98,51,50,97
2,61,67,56,91,43
3,64,41,86,96,50
4,84,24,94,45,79
5,40,32,97,82,49
6,79,63,45,89,15
7,50,40,77,90,77
8,21,47,24,74,29
9,65,73,87,70,65
10,13,60,60,49,64
11,70,56,37,85,98
12,33,62,93,39,47
13,24,66,50,27,57
14,53,61,57,41,19
15,19,54,72,92,26
16,51,96,50,87,80
17,54,54,10,95,14
18,18,91,26,55,59
19,27,83,84,72,68
20,75,53,32,52,15
21,43,64,36,96,82
22,35,73,49,83,32
23,83,98,18,24,57
24,37,44,82,80,87
25,44,90,35,84,51
26,52,20,74,17,68
27,92,90,42,12,67
28,31,65,67,77,98
29,59,42,63,37,85
30,97,54,46,96,69
1,33,42,38,84,20
2,91,67,32,11,14
3,70,10,52,25,17
4,50,47,91,40,97
5,71,96,93,41,24
6,41,74,23,42,33
7,70,78,36,85,61
8,54,85,61,68,23
9,27,48,70,52,56
10,71,26,29,36,95
11,55,90,51,10,32
12,67,47,40,74,38
13,30,45,59,83,92
14,19,80,85,31,88
15,79,81,57,82,48
16,65,35,91,62,67
17,89,48,24,66,78
18,51,23,32,31,74
19,50,47,52,68,33
20,57,89,16,32,80
21,11,54,70,39,85
22,97,93,19,63,43
23,33,66,81,18,30
24,41,87,41,93,66
25,16,84,80,69,39
26,24,93,38,36,60
27,84,61,92,40,29
28,28,79,64,62,10
29,55,14,11,39,50
30,34,23,13,76,48
1,35,33,27,95,19
2,21,45,58,59,16
3,73,46,17,29,78
4,49,77,61,44,57
5,83,39,12,52,55
6,23,41,88,32,12
7,63,58,40,33,95
8,44,28,27,84,76
9,98,15,39,15,62
10,86,61,92,36,40
11,93,59,67,29,28
12,46,26,70,13,93
13,30,19,14,71,14
14,88,92,68,43,74
15,15,62,13,81,67
16,27,77,45,69,31
17,32,85,61,14,92
18,58,82,62,11,44
19,27,87,70,91,89
20,17,92,61,70,86
21,43,41,18,55,42
22,36,65,80,89,46
23,57,91,33,35,44
24,18,11,63,36,86
25,11,67,33,73,42
26,53,16,49,11,97
27,34,20,85,90,22
28,49,13,36,19,77
29,29,83,91,59,90
30,90,84,52,44,65
1,72,99,41,19,73
2,28,93,89,65,30
3,79,52,19,89,30
4,88,22,34,90,97
5,23,92,56,24,39
6,91,41,22,55,24
7,22,48,60,38,58
8,47,97,49,61,43
9,58,37,63,56,39
10,24,20,93,79,41
11,47,30,66,83,82
12,80,61,49,50,51
13,65,41,40,20,61
14,98,69,33,97,16
15,31,61,95,45,35
16,40,18,32,57,43
17,69,49,11,56,12
18,96,23,23,75,29
19,15,74,29,12,35
20,93,82,38,64,44
21,41,65,89,89,83
22,98,57,22,36,67
23,51,78,40,84,32
24,16,17,63,40,20
25,70,58,54,35,89
26,44,23,32,75,24
27,45,53,66,68,20
28,22,51,32,34,48
29,94,86,89,80,56
30,45,39,10,34,21
1,89,35,78,19,73
2,50,89,33,14,47
3,53,21,56,31,10
4,87,12,59,80,17
5,26,28,38,88,54
6,58,86,57,46,55
7,34,80,68,77,33
8,56,65,54,57,99
9,78,54,23,72,24
10,76,58,77,75,51
11,97,96,70,23,56
12,46,45,85,12,57
13,71,47,50,56,94
14,49,59,68,27,89
15,20,38,10,39,86
16,27,36,24,29,11
17,74,32,70,59,52
18,43,22,29,38,65
19,10,44,52,48,96
20,20,74,71,55,18
21,26,87,64,92,30
22,93,58,26,75,95
23,34,57,53,24,50
24,87,40,50,68,48
25,37,31,29,36,97
26,88,21,46,73,92
27,90,24,63,13,11
28,72,17,37,44,32
29,32,92,97,34,92
30,85,57,80,83,59
1,42,27,62,29,41
2,80,36,63,74,99
3,60,74,75,28,64
4,17,76,23,37,87
5,38,75,56,71,21
6,21,64,14,93,15
7,94,48,91,52,35
8,28,12,63,93,66
9,12,52,95,83,11
10,20,48,34,61,87
11,68,22,54,45,44
12,48,91,22,26,33
13,68,71,68,34,15
14,80,39,59,50,51
15,33,59,53,86,85
16,41,84,68,98,57
17,79,56,79,88,69
18,20,94,24,70,29
19,41,19,31,93,22
20,94,31,42,48,38
21,17,24,37,39,12
22,25,29,80,76,88
23,36,96,73,96,21
24,65,97,47,99,42
25,35,85,45,54,79
26,56,68,59,47,72
27,19,44,87,62,15
28,44,27,95,28,44
29,98,69,18,29,20
30,38,80,61,22,64
1,56,64,89,38,31
2,70,94,36,79,64
3,67,60,62,97,84
4,15,10,55,81,86
5,33,13,92,80,84
6,82,51,54,71,74
7,39,83,48,50,27
8,26,93,91,10,50
9,54,99,96,79,36
10,75,93,41,10,18
11,94,95,83,39,60
12,94,92,63,45,63
13,36,46,53,95,20
14,64,26,75,55,49
15,90,34,80,78,30
16,16,15,21,16,98
17,74,83,42,15,58
18,71,20,92,19,61
19,73,48,92,32,95
20,11,74,67,20,67
21,88,70,20,65,67
22,98,61,42,17,78
23,81,31,71,91,76
24,63,51,25,28,99
25,53,37,21,29,31
26,10,99,11,54,64
27,95,94,55,52,34
28,31,18,76,16,73
29,32,86,22,20,37
30,80,50,98,27,23
1,18,56,11,55,56
2,64,21,76,88,68
3,17,98,32,49,20
4,17,71,76,99,26
5,30,99,58,61,77
6,70,78,50,81,98
7,15,57,95,64,42
8,72,88,88,10,80
9,46,78,17,68,51
10,59,32,80,54,15
11,38,48,28,77,87
12,97,73,56,22,19
13,26,36,98,28,83
14,75,57,68,84,42
15,70,52,90,13,28
16,78,54,67,78,99
17,74,76,51,20,99
18,42,65,74,52,98
19,70,54,68,17,70
20,81,30,94,90,41
21,59,32,82,68,54
22,65,72,88,15,15
23,19,14,35,66,34
24,81,18,79,88,34
25,57,97,50,18,69
26,81,34,69,38,98
27,83,10,81,46,82
28,88,48,14,55,64
29,51,45,12,80,33
30,88,64,56,66,63
1,28,73,76,52,59
2,54,81,76,30,44
3,72,31,44,22,45
4,78,59,36,99,37
5,54,96,98,77,84
6,99,11,38,71,52
7,58,88,32,23,65
8,60,85,72,26,61
9,74,31,26,36,94
10,61,83,39,34,84
11,23,30,13,90,56
12,29,46,56,68,58
13,95,60,40,37,96
14,87,80,54,40,55
15,76,74,72,17,15
16,40,17,77,23,47
17,12,47,69,62,93
18,35,87,46,78,16
19,19,85,24,80,95
20,55,65,70,43,64
21,39,56,32,83,39
22,81,88,40,10,47
23,94,15,90,83,79
24,84,73,58,82,15
25,68,14,13,58,76
26,28,99,32,13,70
27,97,25,16,99,29
28,74,80,66,26,79
29,81,57,97,72,55
30,99,56,76,80,29
1,15,60,61,23,89
2,11,13,68,71,52
3,75,33,94,71,28
4,96,11,11,94,54
5,30,82,53,95,18
6,81,98,43,33,48
7,52,49,39,97,40
8,26,45,60,94,70
9,37,24,43,77,45
10,95,61,33,60,14
11,76,37,14,35,10
12,95,68,60,14,89
13,31,47,21,54,65
14,29,92,88,16,38
15,35,19,92,54,38
16,22,71,15,83,41
17,86,55,25,54,10
18,43,71,11,40,55
19,70,11,87,20,23
20,48,31,15,41,46
21,74,68,30,57,22
22,50,45,81,67,44
23,70,98,31,31,25
24,60,26,81,60,19
25,53,36,92,15,21
26,34,61,74,72,90
27,18,44,62,27,78
28,28,14,85,23,39
29,93,51,63,16,16
30,64,30,14,59,39
1,65,71,35,24,33
2,85,26,21,49,90
3,45,95,75,51,98
4,52,92,79,66,41
5,59,16,71,25,32
6,87,63,48,25,98
7,66,65,89,66,34
8,37,92,83,65,21
9,27,19,67,27,20
10,76,95,12,13,64
11,93,14,43,31,16
12,18,20,91,16,98
13,66,38,95,71,43
14,63,77,41,61,48
15,61,38,39,43,23
16,43,53,73,42,47
17,89,76,93,76,19
18,54,56,44,26,29
19,55,61,79,37,73
20,11,17,53,46,72
21,47,63,16,20,31
22,10,13,47,60,21
23,78,27,88,81,47
24,88,35,33,98,64
25,78,94,39,20,48
26,61,91,11,94,55
27,62,49,93,33,87
28,70,67,57,25,50
29,46,83,44,27,69
30,23,74,27,33,81
1,52,21,30,16,34
2,61,33,54,76,25
3,99,21,18,47,61
4,18,52,97,64,87
5,90,10,83,99,99
6,42,40,68,45,57
7,63,59,90,76,27
8,18,70,74,69,43
9,53,47,97,46,79
10,65,93,96,76,33
11,25,60,70,76,32
12,98,31,43,43,19
13,17,28,55,45,59
14,21,63,89,28,36
15,92,89,99,31,96
16,11,34,94,29,33
17,24,94,78,97,32
18,46,27,64,30,80
19,90,83,72,54,76
20,54,56,66,31,30
21,38,96,94,33,42
22,53,89,60,17,79
23,43,76,70,86,89
24,69,49,71,38,74
25,14,81,98,31,52
26,73,60,43,18,87
27,84,61,47,31,47
28,10,37,84,97,28
29,34,20,18,78,94
30,35,80,45,17,20
1,98,77,74,53,94
2,92,99,65,61,45
3,32,21,52,31,13
4,42,87,53,31,69
5,36,72,36,74,88
6,73,15,71,70,80
7,63,64,75,76,67
8,60,41,37,47,27
9,20,55,42,42,97
10,44,50,57,41,20
11,71,63,46,39,55
12,94,36,61,90,58
13,87,57,13,63,62
14,72,93,51,66,37
15,90,49,64,58,98
16,80,77,90,22,82
17,31,72,28,62,10
18,20,58,83,78,44
19,24,52,72,16,66
20,83,41,94,13,21
21,14,45,25,49,85
22,54,76,41,60,26
23,95,57,73,51,87
24,39,98,42,62,54
25,14,55,98,11,60
26,62,83,59,23,35
27,52,11,42,61,48
28,25,20,15,56,89
29,97,41,67,89,16
30,64,24,76,87,81
1,33,61,73,79,64
2,25,59,31,53,74
3,39,22,20,30,44
4,45,48,30,89,13
5,20,19,21,58,92
6,61,37,47,22,38
7,55,57,79,82,97
8,14,16,42,92,38
9,27,76,21,13,68
10,25,77,86,45,69
11,15,13,29,89,55
12,11,41,24,17,39
13,94,93,75,20,83
14,84,80,67,39,10
15,72,95,90,20,88
16,66,91,62,85,32
17,26,27,24,77,26
18,39,57,23,65,71
19,80,40,35,26,14
20,85,80,11,99,43
21,48,16,56,52,70
22,28,76,52,80,18
23,72,45,78,74,78
24,98,37,23,14,67
25,37,30,97,86,19
26,86,55,47,32,42
27,49,45,10,34,49
28,73,91,90,84,89
29,55,65,21,90,41
30,13,95,61,24,63
1,26,92,95,44,79
2,44,11,22,45,88
3,81,31,39,70,62
4,19,16,63,86,94
5,89,43,48,86,47
6,45,54,81,71,75
7,91,45,27,80,75
8,50,83,23,52,56
9,64,61,86,58,12
10,13,64,37,37,86
11,92,87,10,54,97
12,25,63,62,39,52
13,79,13,16,17,67
14,11,28,82,20,78
15,12,50,25,54,97
16,23,90,51,70,79
17,52,71,89,13,89
18,59,93,41,19,88
19,23,42,19,19,79
20,19,59,17,72,18
21,87,48,62,12,26
22,69,60,84,31,91
23,13,41,85,71,89
24,81,83,15,70,24
25,89,79,29,78,47
26,89,64,57,17,52
27,39,44,69,59,54
28,87,18,21,15,94
29,63,84,47,79,50
30,42,60,19,44,62
1,70,73,79,65,20
2,41,37,40,60,80
3,93,33,73,78,46
4,86,73,43,99,61
5,65,17,76,75,49
6,20,54,87,56,86
7,27,27,78,75,53
8,79,52,66,15,16
9,49,62,26,49,65
10,17,89,78,32,45
11,76,88,83,45,52
12,76,64,87,43,57
13,72,81,84,11,28
14,12,80,71,53,46
15,29,12,56,77,27
16,32,41,89,67,13
17,17,26,86,36,72
18,88,94,20,95,82
19,14,23,27,62,32
20,56,57,31,22,98
21,96,54,37,87,68
22,64,10,59,52,90
23,25,86,56,64,18
24,39,11,70,60,39
25,45,17,74,77,16
26,38,96,61,45,63
27,14,70,53,88,18
28,69,38,69,71,27
29,19,38,11,35,78
30,89,33,35,31,44
1,77,12,37,14,36
2,14,92,24,23,65
3,75,19,74,77,74
4,87,59,21,62,33
5,65,32,43,51,35
6,90,61,12,15,81
7,32,86,94,42,12
8,28,34,21,61,54
9,82,57,11,43,35
10,70,18,99,62,84
11,18,11,54,51,46
12,33,98,76,98,89
13,48,23,12,60,10
14,58,66,18,10,44
15,38,10,38,37,19
16,41,76,45,52,19
17,77,10,63,39,26
18,97,18,53,15,70
19,64,94,44,40,44
20,17,66,51,74,67
21,30,91,68,53,30
22,17,86,20,29,87
23,76,82,32,47,48
24,70,95,60,89,43
25,68,56,59,67,87
26,75,60,30,21,38
27,69,92,71,72,32
28,26,16,65,65,20
29,42,58,86,41,83
30,67,83,97,54,75
1,23,85,79,95,12
2,38,34,22,96,78
3,23,89,75,23,41
4,83,98,29,82,79
5,29,69,64,83,29
6,99,78,94,62,48
7,85,55,25,25,31
8,16,28,14,52,57
9,43,12,52,14,59
10,84,23,87,49,55
11,69,13,72,43,26
12,51,73,86,15,68
13,50,67,74,27,45
14,44,34,34,12,49
15,91,39,15,48,56
16,71,39,89,45,96
17,88,20,59,30,96
18,93,63,71,88,70
19,38,53,49,34,92
20,57,98,18,79,93
21,79,60,48,78,19
22,52,92,50,87,67
23,81,57,24,82,59
24,46,79,28,73,70
25,93,46,38,48,97
26,75,54,29,14,48
27,45,51,56,98,87
28,90,38,92,50,94
29,33,23,16,79,30
30,32,97,62,38,36
1,68,75,63,61,82
2,89,36,82,56,18
3,24,91,53,55,91
4,29,29,77,63,29
5,71,55,34,85,58
6,64,49,16,94,26
7,23,80,43,18,30
8,92,50,68,40,48
9,34,20,36,35,27
10,13,90,33,71,84
11,32,88,80,45,76
12,46,35,55,37,24
13,66,73,50,39,18
14,11,83,47,20,17
15,71,31,72,83,64
16,46,80,57,31,56
17,78,82,85,31,87
18,35,43,39,80,63
19,64,48,77,77,76
20,39,93,36,49,83
21,57,50,21,99,46
22,30,18,23,59,64
23,66,56,63,78,55
24,70,72,56,35,89
25,18,66,16,55,58
26,98,50,43,20,38
27,22,75,51,93,45
28,14,55,66,15,30
29,66,51,45,15,29
30,94,88,61,27,90
1,54,16,53,17,65
2,42,62,68,90,29
3,77,70,90,74,49
4,56,93,38,83,17
5,38,26,94,74,84
6,53,82,70,92,34
7,90,18,84,18,65
8,88,55,26,76,92
9,49,39,51,17,99
10,32,38,64,84,79
11,92,34,87,35,86
12,81,21,55,76,59
13,80,23,15,79,82
14,17,64,65,69,25
15,85,79,89,23,96
16,10,66,69,95,29
17,13,74,59,76,30
18,79,16,92,25,38
19,65,60,65,30,95
20,96,31,30,24,85
21,61,40,30,11,11
22,94,36,98,63,90
23,78,34,36,58,62
24,57,42,64,47,71
25,20,60,25,23,30
26,65,52,47,44,17
27,70,49,51,89,11
28,92,27,63,99,61
29,46,82,26,32,93
30,99,20,71,26,52
1,28,61,18,73,28
2,69,51,70,53,86
3,54,43,89,82,45
4,80,69,21,51,32
5,41,72,17,51,87
6,59,40,83,43,65
7,72,81,81,47,31
8,16,85,33,34,39
9,43,87,17,42,96
10,15,87,41,51,15
11,70,48,66,64,38
12,22,76,38,19,25
13,68,84,12,24,78
14,27,66,84,12,87
15,86,28,93,69,19
16,66,29,91,74,92
17,39,95,47,46,82
18,40,91,11,37,52
19,53,30,17,88,27
20,66,51,90,47,83
21,59,10,87,73,81
22,46,11,83,82,60
23,67,99,37,99,88
24,22,41,45,51,72
25,49,69,44,66,53
26,67,40,78,37,27
27,45,16,26,71,87
28,82,11,17,17,37
29,60,79,45,17,45
30,12,44,45,22,99
1,36,12,66,26,92
2,29,33,16,77,55
3,50,66,54,47,80
4,27,39,77,36,80
5,58,72,17,41,51
6,44,73,46,40,19
7,71,82,35,28,17
8,87,73,22,43,20
9,42,74,90,82,81
10,36,70,55,83,43
11,57,52,77,78,68
12,88,95,35,64,88
13,49,93,11,89,30
14,78,61,90,82,57
15,96,92,73,76,13
16,35,95,60,14,84
17,98,15,38,47,90
18,68,60,70,87,90
19,26,94,36,45,85
20,46,55,91,94,93
21,47,38,61,11,18
22,16,89,27,80,90
23,80,29,65,37,15
24,35,91,58,88,43
25,66,88,16,72,92
26,80,88,44,48,71
27,69,62,49,19,23
28,63,69,82,18,60
29,35,53,73,27,48
30,63,23,74,19,92
1,13,57,18,17,41
2,24,33,36,67,99
3,18,37,79,68,91
4,65,87,44,41,26
5,98,38,58,45,22
6,32,63,69,18,78
7,52,61,56,33,10
8,52,54,55,45,25
9,27,29,70,53,34
10,50,20,82,14,72
11,33,47,43,64,86
12,41,85,51,61,56
13,42,87,24,48,90
14,77,22,79,95,30
15,73,28,84,61,28
16,90,82,39,25,26
17,48,94,81,22,30
18,93,67,83,18,21
19,53,65,75,67,40
20,50,84,29,63,96
21,58,52,56,27,22
22,97,65,72,16,21
23,10,96,77,13,66
24,73,71,82,85,62
25,51,84,21,33,45
26,23,80,70,49,31
27,32,69,51,90,87
28,67,95,22,19,74
29,78,29,92,82,48
30,62,61,55,36,20
1,12,62,80,52,65
2,97,63,22,27,24
3,26,26,68,39,52
4,86,22,44,42,82
5,28,87,97,69,34
6,94,22,48,14,97
7,35,86,77,23,57
8,60,36,75,76,97
9,20,12,36,95,12
10,70,21,35,59,54
11,66,30,47,52,39
12,83,56,10,10,69
13,90,86,75,15,87
14,44,79,95,37,28
15,16,90,39,76,84
16,29,54,33,73,37
17,98,43,77,66,47
18,60,85,66,43,32
19,24,92,37,23,91
20,94,41,28,81,46
21,99,91,48,40,83
22,51,76,56,97,46
23,37,52,57,14,94
24,39,89,94,64,86
25,92,30,19,56,71
26,51,69,39,38,42
27,25,87,65,30,80
28,92,24,87,14,69
29,69,64,58,99,51
30,92,98,56,30,63
1,25,28,97,56,14
2,81,40,76,42,57
3,49,70,69,16,13
4,74,81,96,65,78
5,31,19,60,37,69
6,35,72,37,76,68
7,92,40,51,59,44
8,64,36,59,16,14
9,10,98,46,81,73
10,64,12,12,85,20
11,83,65,75,91,77
12,41,62,99,60,59
13,60,12,48,65,47
14,19,99,68,18,21
15,16,81,74,39,77
16,86,96,92,20,38
17,21,86,17,22,59
18,30,23,33,91,50
19,97,22,61,11,15
20,71,61,17,24,40
21,23,26,72,15,87
22,45,60,16,62,42
23,73,90,21,72,27
24,47,24,24,49,69
25,44,94,96,90,55
26,24,22,53,67,73
27,29,10,31,62,17
28,26,24,78,52,45
29,43,18,24,14,80
30,47,79,60,98,85
1,91,77,70,18,38
2,53,85,99,23,32
3,30,24,75,25,21
4,88,39,86,32,47
5,96,97,85,21,33
6,31,22,29,74,20
7,19,27,83,50,57
8,61,14,14,60,40
9,22,33,57,60,74
10,47,64,33,80,41
11,50,72,73,54,80
12,29,60,93,19,21
13,84,46,49,35,94
14,93,47,60,74,81
15,32,27,26,42,66
16,66,51,57,82,42
17,55,10,94,39,22
18,68,94,58,16,60
19,92,18,89,53,47
20,49,16,35,84,67
21,38,10,42,81,58
22,91,32,80,94,86
23,88,35,61,59,24
24,35,23,51,75,36
25,12,23,57,62,44
26,16,66,61,23,54
27,57,32,31,97,31
28,96,97,67,30,29
29,75,27,96,95,11
30,70,81,63,11,49
1,51,82,49,67,18
2,76,25,90,30,62
3,67,21,69,81,96
4,16,74,13,79,18
5,16,75,26,46,16
6,81,82,72,88,44
7,99,10,51,44,56
8,70,67,68,26,81
9,50,32,41,35,19
10,71,72,73,77,15
11,22,89,29,19,68
12,96,86,13,39,97
13,59,89,80,34,86
14,31,98,78,28,99
15,78,69,26,35,63
16,66,83,11,56,55
17,44,63,37,65,53
18,64,71,43,24,25
19,68,22,27,21,59
20,60,75,96,47,41
21,80,53,72,25,59
22,86,56,56,28,62
23,32,38,63,24,67
24,98,36,55,20,62
25,60,79,53,17,42
26,17,16,37,95,10
27,32,49,60,93,34
28,96,65,22,92,79
29,24,31,72,24,76
30,32,50,75,25,30
1,50,76,24,15,72
2,49,53,75,75,34
3,54,69,59,92,25
4,66,14,42,66,54
5,45,98,25,47,49
6,28,31,81,53,47
7,10,23,36,81,90
8,19,76,38,18,88
9,23,97,62,66,33
10,39,11,17,68,82
11,30,10,27,48,22
12,68,67,63,54,45
13,66,99,78,58,97
14,19,94,94,98,39
15,70,74,13,58,33
16,50,50,70,55,77
17,18,66,29,30,81
18,11,57,57,63,19
19,61,61,67,25,29
20,67,38,57,45,25
21,63,39,75,13,70
22,47,22,86,30,51
23,10,40,26,45,59
24,30,26,46,44,57
25,14,56,54,25,41
26,84,95,58,10,83
27,16,92,54,77,96
28,40,26,11,34,81
29,56,59,39,50,39
30,26,89,88,48,19
1,81,77,18,20,60
2,51,83,31,99,14
3,67,80,51,75,29
4,62,68,78,69,91
5,11,45,87,23,81
6,81,14,66,18,32
7,73,37,90,41,51
8,72,54,11,86,49
9,91,53,29,82,62
10,40,88,49,36,32
11,58,91,19,86,31
12,72,47,91,24,68
13,99,44,94,64,75
14,29,36,30,53,70
15,54,53,42,26,80
16,66,84,59,37,13
17,71,16,22,61,92
18,38,63,52,55,32
19,34,58,57,15,68
20,34,39,39,83,94
21,73,46,96,24,68
22,70,39,21,95,43
23,31,26,51,38,51
24,50,46,45,92,70
25,10,28,91,67,80
26,89,47,84,52,19
27,74,55,87,28,60
28,99,66,65,37,96
29,83,63,33,58,16
30,73,51,99,54,78
1,75,74,11,72,66
2,81,55,90,55,10
3,84,94,87,72,76
4,87,15,18,12,12
5,41,38,42,30,18
6,29,20,66,29,21
7,89,30,14,38,22
8,43,39,35,44,36
9,23,44,30,28,29
10,13,82,66,20,97
11,32,89,39,53,86
12,58,39,85,28,45
13,97,56,68,55,65
14,55,79,63,12,84
15,55,37,91,45,61
16,52,89,87,74,84
17,42,69,34,64,15
18,78,87,28,28,29
19,72,97,61,31,21
20,67,54,31,32,46
21,80,12,48,39,49
22,10,52,18,58,49
23,77,82,26,19,49
24,36,33,28,21,78
25,90,16,75,28,33
26,37,74,97,10,27
27,34,54,98,28,43
28,84,67,27,55,72
29,78,38,52,59,85
30,95,52,70,26,41
1,63,26,96,23,73
2,73,13,41,14,11
3,58,19,94,17,58
4,46,79,26,11,43
5,89,70,66,85,22
6,47,53,70,54,82
7,40,33,25,13,50
8,49,48,92,94,85
9,70,31,32,26,29
10,89,20,98,63,48
11,49,43,27,98,88
12,54,21,55,98,85
13,11,24,19,89,18
14,60,18,82,35,88
15,11,58,31,62,85
16,24,22,62,80,32
17,97,84,38,79,89
18,90,68,63,10,94
19,70,67,67,14,18
20,75,88,78,33,15
21,28,16,11,37,80
22,92,85,65,46,30
23,11,35,40,22,23
24,97,50,53,19,32
25,62,59,45,12,27
26,63,78,96,76,93
27,42,26,97,25,40
28,83,86,80,19,73
29,68,34,38,33,55
30,43,21,68,90,21
1,44,34,82,76,17
2,67,24,49,44,27
3,37,21,99,82,75
4,58,88,13,13,50
5,70,52,66,28,28
6,65,49,66,66,83
7,68,41,88,81,57
8,37,65,37,99,80
9,67,80,87,89,94
10,27,24,64,85,90
11,49,97,96,65,30
12,10,60,13,45,15
13,93,38,92,25,15
14,23,23,41,68,91
15,98,16,79,39,69
16,69,17,22,83,72
17,74,81,37,32,34
18,72,85,22,31,32
19,66,67,56,62,40
20,26,18,40,43,38
21,73,40,48,95,11
22,17,45,57,22,81
23,18,26,31,94,75
24,78,97,89,42,11
25,30,90,38,25,92
26,78,91,11,93,19
27,46,61,59,37,51
28,76,95,60,50,52
29,90,39,60,78,97
30,25,45,59,86,29
1,10,24,12,24,38
2,36,69,90,31,10
3,47,59,97,20,14
4,52,68,56,65,46
5,67,34,45,77,72
6,85,97,67,34,45
7,34,75,77,34,93
8,89,58,24,22,82
9,78,74,84,27,37
10,51,42,27,74,28
11,43,84,83,93,77
12,45,49,35,97,93
13,87,25,54,58,35
14,19,53,43,32,37
15,35,62,24,47,35
16,74,26,98,59,93
17,81,46,64,20,59
18,85,68,19,33,71
19,59,59,37,54,24
20,40,17,45,40,75
21,44,10,74,61,68
22,57,39,45,73,32
23,39,10,64,54,32
24,18,43,47,87,22
25,81,51,47,63,91
26,62,35,79,13,51
27,48,48,96,99,66
28,76,11,64,54,68
29,62,28,88,80,56
30,50,98,59,65,34
1,63,85,19,18,55
2,23,48,61,33,99
3,78,87,81,15,61
4,41,85,25,31,73
5,77,88,75,45,71
6,47,70,97,77,19
7,27,72,17,70,91
8,32,31,12,50,50
9,90,81,63,84,54
10,20,60,84,40,82
11,83,15,16,33,74
12,78,91,49,87,66
13,20,84,91,53,50
14,64,89,61,98,18
15,93,41,65,70,31
16,62,73,13,77,27
17,34,29,26,72,94
18,97,14,82,64,12
19,63,84,11,54,97
20,86,34,29,15,20
21,82,35,50,72,62
22,85,88,20,62,15
23,71,32,78,61,62
24,18,79,86,45,41
25,87,45,88,56,30
26,75,38,91,74,68
27,37,54,41,62,80
28,81,63,95,72,63
29,59,25,31,47,35
30,70,25,41,90,20
1,43,19,99,38,79
2,23,54,37,89,85
3,24,83,33,84,74
4,96,83,57,77,94
5,99,15,51,37,23
6,46,72,98,70,18
7,24,78,72,38,82
8,20,94,27,75,88
9,88,63,54,91,56
10,46,47,93,33,91
11,61,48,34,87,62
12,11,63,65,95,35
13,78,86,60,90,64
14,66,27,91,79,25
15,22,31,72,71,51
16,36,92,62,32,75
17,99,36,64,94,64
18,97,22,59,82,53
19,11,65,89,13,59
20,85,85,60,40,44
21,26,55,19,22,96
22,65,87,88,86,13
23,27,88,28,99,71
24,68,62,80,93,56
25,16,12,80,70,99
26,25,38,34,43,35
27,47,86,41,76,55
28,35,39,58,74,45
29,61,92,23,70,15
30,39,26,99,52,20
1,14,64,79,84,20
2,42,69,17,41,76
3,51,65,30,23,14
4,94,22,62,82,70
5,53,49,67,75,28
6,93,29,56,72,11
7,61,78,90,15,72
8,12,57,78,53,94
9,97,44,88,37,89
10,83,11,69,56,70
11,79,36,42,41,56
12,35,71,83,70,59
13,34,22,38,92,15
14,33,17,76,25,81
15,82,71,97,14,65
16,85,41,42,71,16
17,37,71,28,70,45
18,45,99,80,64,49
19,61,79,91,42,84
20,66,49,90,31,13
21,91,55,61,93,56
22,52,47,43,55,38
23,36,63,76,76,14
24,96,65,93,67,33
25,13,84,94,81,78
26,31,79,79,38,89
27,49,73,11,25,24
28,96,67,49,85,72
29,15,57,27,72,72
30,85,68,88,64,20
1,63,53,14,20,51
2,19,11,38,71,60
3,97,95,96,91,88
4,39,55,62,55,54
5,63,67,50,68,92
6,76,52,37,36,58
7,50,43,74,25,45
8,94,50,66,30,48
9,71,65,97,28,18
10,48,18,56,23,65
11,98,92,70,91,49
12,76,98,23,23,55
13,77,21,46,39,66
14,10,22,73,23,84
15,51,97,54,62,55
16,77,39,95,41,69
17,39,20,60,23,12
18,81,11,78,87,65
19,25,88,71,66,17
20,86,60,64,29,40
21,74,45,43,54,56
22,37,88,84,12,81
23,69,15,95,81,52
24,13,32,59,86,25
25,10,66,53,64,21
26,69,12,27,22,51
27,34,63,23,56,53
28,92,73,56,60,98
29,98,74,80,65,32
30,76,68,91,71,20
1,55,39,21,46,59
2,41,49,63,63,24
3,90,32,20,32,84
4,29,40,91,30,83
5,63,90,42,59,94
6,41,16,73,56,97
7,87,94,13,90,99
8,33,78,21,18,70
9,21,76,60,80,91
10,26,52,27,44,71
11,94,63,99,82,11
12,43,47,82,43,10
13,45,89,41,77,30
14,47,92,17,70,88
15,56,80,44,81,36
16,17,40,43,87,75
17,70,54,13,59,53
18,40,58,87,31,13
19,70,21,77,53,11
20,31,84,40,85,85
21,36,92,40,69,54
22,28,13,84,10,83
23,24,24,37,36,75
24,93,87,89,69,37
25,85,54,26,35,87
26,44,72,28,95,75
27,85,68,91,58,49
28,90,86,92,44,64
29,94,44,53,54,79
30,25,47,27,58,93
1,41,85,58,34,73
2,15,74,39,92,19
3,96,26,78,86,57
4,63,58,84,73,78
5,20,33,71,72,55
6,32,54,32,50,61
7,72,69,84,92,85
8,98,71,13,54,63
9,93,49,43,69,77
10,53,17,18,89,30
11,19,44,47,33,57
12,57,77,85,74,83
13,30,65,33,93,29
14,88,10,10,89,70
15,59,13,68,85,42
16,71,80,68,56,53
17,20,64,42,25,15
18,33,66,97,74,94
19,60,84,83,54,49
20,67,85,18,43,77
21,71,54,83,13,93
22,98,95,71,87,60
23,44,12,13,84,31
24,35,31,85,10,40
25,51,47,32,58,67
26,87,80,53,20,72
27,50,87,29,49,37
28,87,10,44,86,54
29,13,93,99,18,51
30,57,41,38,64,34
1,86,85,97,40,34
2,22,65,33,82,47
3,74,41,96,14,80
4,69,80,42,89,85
5,15,86,49,70,60
6,65,78,99,92,26
7,54,72,16,48,63
8,14,63,64,57,64
9,86,48,89,49,90
10,18,58,15,12,44
11,95,54,54,84,84
12,83,88,64,43,21
13,34,78,36,49,97
14,79,61,70,20,41
15,31,40,73,82,73
16,76,67,41,81,93
17,40,76,19,59,62
18,19,83,69,77,53
19,39,25,92,54,79
20,83,88,89,33,86
21,42,26,84,27,36
22,69,12,80,77,63
23,61,61,86,73,96
24,54,16,95,36,67
25,48,98,33,25,21
26,29,23,69,59,62
27,12,22,23,33,27
28,97,88,23,13,80
29,18,96,97,37,92
30,64,36,35,50,86
1,58,18,48,10,95
2,50,71,34,72,64
3,87,91,76,41,98
4,28,95,37,20,51
5,81,83,26,22,94
6,89,45,58,83,61
7,51,79,16,15,98
8,87,28,27,44,82
9,15,40,55,21,45
10,10,87,71,74,36
11,64,46,52,44,19
12,92,55,89,48,29
13,62,57,85,54,42
14,39,64,16,25,58
15,97,25,90,41,31
16,20,96,43,72,38
17,17,41,95,55,14
18,65,67,66,64,55
19,96,92,83,27,83
20,37,83,30,11,45
21,77,27,97,95,74
22,38,33,20,90,72
23,85,14,88,29,96
24,82,18,32,97,57
25,80,72,75,12,70
26,58,14,65,52,55
27,98,76,36,90,28
28,71,49,46,26,16
29,49,87,36,17,63
30,10,48,30,85,52
